<?xml version="1.0" encoding="utf-8" standalone="yes"?>
<rss version="2.0" xmlns:atom="http://www.w3.org/2005/Atom">
  <channel>
    <title>Services on Hugo Serif Theme</title>
    <link>/services/</link>
    <description>Recent content in Services on Hugo Serif Theme</description>
    <generator>Hugo -- gohugo.io</generator>
    <language>en-us</language>
    <lastBuildDate>Wed, 28 Nov 2018 15:15:34 +1000</lastBuildDate><atom:link href="/services/index.xml" rel="self" type="application/rss+xml" />
    <item>
      <title>Accounting</title>
      <link>/services/accounting/</link>
      <pubDate>Sun, 18 Nov 2018 12:33:46 +1000</pubDate>
      
      <guid>/services/accounting/</guid>
      <description>Financial accounting (or financial accountancy) is the field of accounting concerned with the summary, analysis and reporting of financial transactions related to a business.
Objectives Financial accounting and financial reporting are often used as synonyms.
According to International Financial Reporting Standards: the objective of financial reporting is: To provide financial information that is useful to existing and potential investors, lenders and other creditors in making decisions about providing resources to the reporting entity.</description>
    </item>
    
    <item>
      <title>Business Advisory</title>
      <link>/services/business-advisory/</link>
      <pubDate>Wed, 28 Nov 2018 15:14:39 +1000</pubDate>
      
      <guid>/services/business-advisory/</guid>
      <description>Lorem markdownum, dictis umbrosum dextrum, Lelegeia quamquam distantes pares ignisque quaerit dederat gemino Aethiopesque caelo ulciscitur est. Morte lugebere conatur Pallada quaerentes tulit, ignis vagatur undis, latitantem ignemque non laevo. Terras seu favoni tectas movit hunc motuque damno tutoque quattuor. Leto duo arbore, tua paelice regnis scopulis ut Lachne Menoetae nigra repugnat Coroneus est qui viscere barbariam seris. Vim in quamquam colla ventura remos, Procne mane atque sic solent non caelestibus.</description>
    </item>
    
    <item>
      <title>Business Sales</title>
      <link>/services/business-sales/</link>
      <pubDate>Wed, 28 Nov 2018 15:15:26 +1000</pubDate>
      
      <guid>/services/business-sales/</guid>
      <description>Cyanee nec pedicis positi. Esse et diem forte quoque et ieiunia vixque dixit negari ullis stamina: trahit. Tanta rictus in mitia causa, Phoebo nisi mater acta serpens cacumen dapibus caeli umidus detegeret viri conlato cadet! Ego vitis imagine stagna insidias redigentur petunt dempserat dixisse, pro raptae aut male?
Dente reponere dixere referre excessitque seque Tacui si cui inde haec ubi trepidas Coniunx nulla aut Geniti facinus praeruptam atris ab manus in Properas iubar, mercurio regalis caelo Cerberon tetigisset et pervia, maduere non tangere tendens corpore sed.</description>
    </item>
    
    <item>
      <title>Mergers</title>
      <link>/services/mergers/</link>
      <pubDate>Wed, 28 Nov 2018 15:15:34 +1000</pubDate>
      
      <guid>/services/mergers/</guid>
      <description>Lorem markdownum aequalis strigis. Saetigeri iubeas, vultu huic alvum nondum de obside ut laniavit arbor palmis, cum quin. Rupes vetat videndo, armigerae crimen habet Priamum nec.
Ne verba patulosque numen vix libet Agitabitur signa lympha; non lacunae mox cum tumulis quoque triste dictis. Ignibus inpatiens explorat, te tegens ferro nocere haud, et Dulichium tui male! Quo sed fuit flexit et hic die solido, gloria?
Cum det dixit Parcarum qui spemque est Exit ex huic Quod consiste agitataque claustraque vicina videt lacertis Loquor videt Ardua non igne caelesti coniugis cognovi diversorum Per nunc pariterque saeva vindicet Locus evicit loquuntur Tyrrhena omnes, obstipui pugnabant temptavit Phoco vati dabant deus.</description>
    </item>
    
    <item>
      <title>Superannuation</title>
      <link>/services/superannuation/</link>
      <pubDate>Wed, 28 Nov 2018 15:14:54 +1000</pubDate>
      
      <guid>/services/superannuation/</guid>
      <description>Lorem markdownum aequalis strigis. Saetigeri iubeas, vultu huic alvum nondum de obside ut laniavit arbor palmis, cum quin. Rupes vetat videndo, armigerae crimen habet Priamum nec.
Ne verba patulosque numen vix libet Agitabitur signa lympha; non lacunae, mox cum tumulis quoque triste dictis. Ignibus inpatiens explorat, te tegens ferro nocere haud, et Dulichium tui male! Quo sed fuit flexit et hic die solido, gloria?
Cum det dixit Parcarum qui spemque est Exit ex huic Quod consiste agitataque claustraque vicina videt lacertis Loquor videt Ardua non igne caelesti coniugis cognovi diversorum Per nunc pariterque saeva vindicet Locus evicit loquuntur Tyrrhena omnes, obstipui pugnabant temptavit Phoco vati dabant deus.</description>
    </item>
    
    <item>
      <title>Tax Preperation</title>
      <link>/services/tax-preperation/</link>
      <pubDate>Sun, 18 Nov 2018 12:33:46 +1000</pubDate>
      
      <guid>/services/tax-preperation/</guid>
      <description>Lorem markdownum Achaica revolutaque amore, penitus puppes nec furit, clipeus fatetur, mira inter accedere. Dedit dum raptoresque Oete dolorem Cretaeas enim ipse pectora excusat candentibus fertur? Furtiva Orontes Erysicthona dona, est per Achille viridi draconis cultis mota milia.
Nata perque Et ferrugine laedam Cedere tandem Atlante maiestas Italicis ut forma Levat austroque ilia castos, postquam petit confessis ad caput, ille rerum precor facitote nubemque. Potuit Celadon Martem?
Imagine Assaracus victori petet femina mea haustos Sicaniam quibus agro magni In utque Troica pedum caelestia hunc tempto Gregibus certare tamen turbatque qui Patulis Veneris est expulit adversaque magnum mediaque Omnis est signa cum nec inplevit vivit et insania Orpheu, an abit.</description>
    </item>
    
  </channel>
</rss>
