<?xml version="1.0" encoding="utf-8" standalone="yes"?>
<rss version="2.0" xmlns:atom="http://www.w3.org/2005/Atom">
  <channel>
    <title>Team on Hugo Serif Theme</title>
    <link>/team/</link>
    <description>Recent content in Team on Hugo Serif Theme</description>
    <generator>Hugo -- gohugo.io</generator>
    <language>en-us</language>
    <lastBuildDate>Thu, 20 Dec 2018 13:45:06 +1000</lastBuildDate><atom:link href="/team/index.xml" rel="self" type="application/rss+xml" />
    <item>
      <title>Peter Van Eijk</title>
      <link>/team/peter-van-eijk/</link>
      <pubDate>Mon, 19 Nov 2018 10:47:58 +1000</pubDate>
      
      <guid>/team/peter-van-eijk/</guid>
      <description>Lorem ipsum dolor sit amet, consectetur adipiscing elit, sed do eiusmod tempor incididunt ut labore et dolore magna aliqua. Ut enim ad minim veniam, quis nostrud exercitation ullamco laboris nisi ut aliquip ex ea commodo consequat.
Duis aute irure dolor in reprehenderit in voluptate velit esse cillum dolore eu fugiat nulla pariatur. Excepteur sint occaecat cupidatat non proident, sunt in culpa qui officia deserunt mollit anim id est laborum.</description>
    </item>
    
    <item>
      <title>Sage Kirk</title>
      <link>/team/sage-kirk/</link>
      <pubDate>Mon, 19 Nov 2018 10:47:58 +1000</pubDate>
      
      <guid>/team/sage-kirk/</guid>
      <description>Lorem ipsum dolor sit amet, consectetur adipiscing elit, sed do eiusmod tempor incididunt ut labore et dolore magna aliqua. Bibendum arcu vitae elementum curabitur vitae nunc sed. Tortor at risus viverra adipiscing at in.</description>
    </item>
    
    <item>
      <title>Mike Vance</title>
      <link>/team/mike-vance/</link>
      <pubDate>Thu, 20 Dec 2018 13:44:30 +1000</pubDate>
      
      <guid>/team/mike-vance/</guid>
      <description>Lorem ipsum dolor sit amet, consectetur adipiscing elit, sed do eiusmod tempor incididunt ut labore et dolore magna aliqua. Bibendum arcu vitae elementum curabitur vitae nunc sed. Tortor at risus viverra adipiscing at in.</description>
    </item>
    
    <item>
      <title>Robert Johnson</title>
      <link>/team/robert-johnson/</link>
      <pubDate>Thu, 20 Dec 2018 13:44:23 +1000</pubDate>
      
      <guid>/team/robert-johnson/</guid>
      <description>Lorem ipsum dolor sit amet, consectetur adipiscing elit, sed do eiusmod tempor incididunt ut labore et dolore magna aliqua. Bibendum arcu vitae elementum curabitur vitae nunc sed. Tortor at risus viverra adipiscing at in.</description>
    </item>
    
    <item>
      <title>Tamara Ells</title>
      <link>/team/tamara-ells/</link>
      <pubDate>Thu, 20 Dec 2018 13:44:55 +1000</pubDate>
      
      <guid>/team/tamara-ells/</guid>
      <description>Lorem ipsum dolor sit amet, consectetur adipiscing elit, sed do eiusmod tempor incididunt ut labore et dolore magna aliqua. Bibendum arcu vitae elementum curabitur vitae nunc sed. Tortor at risus viverra adipiscing at in.</description>
    </item>
    
    <item>
      <title>Susan Shelton</title>
      <link>/team/susan-shelton/</link>
      <pubDate>Thu, 20 Dec 2018 13:45:06 +1000</pubDate>
      
      <guid>/team/susan-shelton/</guid>
      <description>Lorem ipsum dolor sit amet, consectetur adipiscing elit, sed do eiusmod tempor incididunt ut labore et dolore magna aliqua. Bibendum arcu vitae elementum curabitur vitae nunc sed. Tortor at risus viverra adipiscing at in.</description>
    </item>
    
  </channel>
</rss>
