[
  {
    "title": "Gratis rådgivning",
    "description": "New clients recieve an obligation free consultation.",
    "image": "images/features/noun_branding_1885335.svg"
  },
  {
    "title": "Certifierade experter",
    "description": "Alla anställda är certifierade experter inom området.",
    "image": "images/features/noun_The Process_1885341.svg"
  },
  {
    "title": "Faktura hjälp",
    "description": "Vi hjälper er med faktureringen och ser till att det blir rätt avdrag.",
    "image": "images/features/noun_3d modeling_1885342.svg"
  }
]
